{"entities":{"pages":{"starter":{"id":"starter","title":"메인 페이지","url":"starter.html","level":0,"tabIndex":0},"Section-Starting-Page":{"id":"Section-Starting-Page","title":"Section Starting Page","url":"section-starting-page.html","level":0,"tabIndex":1},"v07ygg_4":{"id":"v07ygg_4","title":"Java","level":0,"pages":["v07ygg_5","v07ygg_6","v07ygg_7"],"tabIndex":2},"v07ygg_5":{"id":"v07ygg_5","title":"Jpa","level":1,"parentId":"v07ygg_4","pages":["CreateEntity","Entity_Mapping"],"tabIndex":0},"CreateEntity":{"id":"CreateEntity","title":"엔터티 정의","url":"createentity.html","level":2,"parentId":"v07ygg_5","tabIndex":0},"Entity_Mapping":{"id":"Entity_Mapping","title":"엔터티_매핑","url":"entity-mapping.html","level":2,"parentId":"v07ygg_5","tabIndex":1},"v07ygg_6":{"id":"v07ygg_6","title":"Spring","level":1,"parentId":"v07ygg_4","pages":["How-to","Troubleshooting"],"tabIndex":1},"How-to":{"id":"How-to","title":"How to","url":"how-to.html","level":2,"parentId":"v07ygg_6","tabIndex":0},"Troubleshooting":{"id":"Troubleshooting","title":"Troubleshooting","url":"troubleshooting.html","level":2,"parentId":"v07ygg_6","tabIndex":1},"v07ygg_7":{"id":"v07ygg_7","title":"Quarkus","level":1,"parentId":"v07ygg_4","pages":["API-reference","Tutorial"],"tabIndex":2},"API-reference":{"id":"API-reference","title":"API reference","url":"api-reference.html","level":2,"parentId":"v07ygg_7","tabIndex":0},"Tutorial":{"id":"Tutorial","title":"Tutorial","url":"tutorial.html","level":2,"parentId":"v07ygg_7","tabIndex":1}}},"topLevelIds":["starter","Section-Starting-Page","v07ygg_4"]}