{"entities":{"pages":{"starter":{"id":"starter","title":"메인 페이지","url":"starter.html","level":0,"tabIndex":0},"API_Reference":{"id":"API_Reference","title":"API Reference","url":"api-reference.html","level":0,"tabIndex":1},"Section-Starting-Page":{"id":"Section-Starting-Page","title":"Section Starting Page","url":"section-starting-page.html","level":0,"tabIndex":2},"ytkc5_5":{"id":"ytkc5_5","title":"Java","level":0,"pages":["How-to","ytkc5_10","ytkc5_11","ytkc5_12"],"tabIndex":3},"How-to":{"id":"How-to","title":"Create API Reference","url":"how-to.html","level":1,"parentId":"ytkc5_5","tabIndex":0},"ytkc5_10":{"id":"ytkc5_10","title":"Jpa","level":1,"parentId":"ytkc5_5","pages":["CreateEntity","Entity_Mapping"],"tabIndex":1},"CreateEntity":{"id":"CreateEntity","title":"엔터티 정의","url":"createentity.html","level":2,"parentId":"ytkc5_10","tabIndex":0},"Entity_Mapping":{"id":"Entity_Mapping","title":"엔터티_매핑","url":"entity-mapping.html","level":2,"parentId":"ytkc5_10","tabIndex":1},"ytkc5_11":{"id":"ytkc5_11","title":"Spring","level":1,"parentId":"ytkc5_5","pages":["Spring_Overview"],"tabIndex":2},"Spring_Overview":{"id":"Spring_Overview","title":"스프링 개요","url":"spring-overview.html","level":2,"parentId":"ytkc5_11","tabIndex":0},"ytkc5_12":{"id":"ytkc5_12","title":"Quarkus","level":1,"parentId":"ytkc5_5","pages":["Tutorial"],"tabIndex":3},"Tutorial":{"id":"Tutorial","title":"Tutorial","url":"tutorial.html","level":2,"parentId":"ytkc5_12","tabIndex":0},"ytkc5_6":{"id":"ytkc5_6","title":"Kotlin","level":0,"pages":["kt_Keywords","ytkc5_18"],"tabIndex":4},"kt_Keywords":{"id":"kt_Keywords","title":"코틀린 키워드 정리","url":"kt-keywords.html","level":1,"parentId":"ytkc5_6","tabIndex":0},"ytkc5_18":{"id":"ytkc5_18","title":"android","level":1,"parentId":"ytkc5_6","pages":["Android_Start"],"tabIndex":1},"Android_Start":{"id":"Android_Start","title":"안드로이드 개발 기본 구조","url":"android-start.html","level":2,"parentId":"ytkc5_18","tabIndex":0},"ytkc5_7":{"id":"ytkc5_7","title":"개발_일기","level":0,"pages":["android_log_0224_25"],"tabIndex":5},"android_log_0224_25":{"id":"android_log_0224_25","title":"안드로이드 Rest 데이터 수신/응답","url":"android-log-0224-25.html","level":1,"parentId":"ytkc5_7","tabIndex":0},"ytkc5_8":{"id":"ytkc5_8","title":"Issue","level":0,"pages":["Troubleshooting"],"tabIndex":6},"Troubleshooting":{"id":"Troubleshooting","title":"Troubleshooting","url":"troubleshooting.html","level":1,"parentId":"ytkc5_8","tabIndex":0}}},"topLevelIds":["starter","API_Reference","Section-Starting-Page","ytkc5_5","ytkc5_6","ytkc5_7","ytkc5_8"]}